codigo,clasificacion_defuncion
P52,Hemorragia intracraneal no traumática del feto y del recién nacido
Q91,Síndrome de Edwards y síndrome  de Patau
Q79,"Malformaciones congénitas del sistema osteomuscular, no clasificadas en otra parte"
P22,Dificultad respiratoria del recién nacido
Q89,"Otras malformaciones congénitas, no clasificadas en otra parte"
P36,Sepsis bacteriana del recién nacido
P25,"Enfisema intersticial y afecciones relacionadas, originadas en el período perinatal"
G93,Otros trastornos del encéfalo
P96,Otras afecciones originadas en el período perinatal
P20,Hipoxia intrauterina
P05,Retardo del crecimiento fetal y desnutrición fetal
A50,Sífilis congénita
Q60,Agenesia renal y otras malformaciones hipoplásicas del riñón
P07,"Trastornos relacionados con duración corta de la gestación y con bajo peso al nacer, no clasificados en otra parte"
G80,Parálisis cerebral
J15,"Neumonía bacteriana, no clasificada en otra parte"
P56,Hidropesía fetal debida a enfermedad hemolítica
K56,Ileo paralítico y obstrucción intestinal sin hernia
Q78,Otras osteocondrodisplasias
P28,"Otros problemas respiratorios del recién nacido, originados en el período perinatal"
R99,Otras causas mal definidas y las no especificadas de mortalidad
P24,Síndromes de aspiración neonatal
Q43,Otras malformaciones congénitas del intestino
Q41,"Ausencia, atresia y estenosis congénita del intestino delgado"
P29,Trastornos cardiovasculares originados en el período perinatal
Q87,Otros síndromes de malformaciones congénitas especificados que afectan múltiples sistemas
J12,"Neumonía viral, no clasificada en otra parte"
D68,Otros defectos de la coagulación
J80,Síndrome de dificultad respiratoria del adulto
I49,Otras arritmias cardiacas
J84,Otras enfermedades pulmonares intersticiales
K92,Otras enfermedades del sistema digestivo
A41,Otras Sepsis
Q61,Enfermedad quística del riñón
Q32,Malformaciones congénitas de la tráquea y de los bronquios
Q77,Osteocondrodisplasia con defecto del crecimiento de los huesos largos y de la columna vertebral
G03,Meningitis debida a otras causas y a las no especificadas
W75,Sofocación y estrangulamiento accidental en la cama
G72,Otras miopatías
P83,Otras afecciones de la piel especificas del feto y del recién nacido
B58,Toxoplasmosis
P60,Coagulación intravascular diseminada en el feto y el recién nacido
L08,Otras infecciones locales de la piel y del tejido subcutáneo
Q21,Malformaciones congénitas de los tabiques cardíacos
B27,Mononucleosis infecciosa
Q26,Malformaciones congénitas de las grandes venas
C41,"Tumor maligno de los huesos y de los cartílagos articulares, de otros sitios y de sitios no especificados"
Q96,Síndrome de Turner
Q24,Otras malformaciones congénitas del corazón
I46,Paro cardíaco
Q27,Otras malformaciones congénitas del sistema vascular periférico
Y09,Agresión por medios no especificados
W80,Inhalación e ingestión de otros objetos que causan obstrucción de las vías respiratorias
Q31,Malformaciones congénitas de la laringe
J93,Neumotórax
W69,Ahogamiento y sumersión mientras se está en aguas naturales
X49,"Envenenamiento accidental por, y exposición a otros productos químicos y sustancias nocivas, y los no especificados"
U07,
K65,Peritonitis
P54,Otras hemorragias neonatales
D59,Anemia hemolítica adquirida
C91,Leucemia linfoide
B57,Enfermedad de Chagas
P39,Otras infecciones especificas del período perinatal
A39,Enfermedad meningocócica
G71,Trastornos musculares primarios
Q62,Defectos obstructivos congénitos de la pelvis renal y malformaciones congénitas del uréter
D82,Inmunodeficiencia asociada con otros defectos mayores
B86,Escabiosis
C71,Tumor maligno del encéfalo
G40,Epilepsia
M62,Otros trastornos de los músculos
N04,Síndrome nefrótico
Y20,"Ahorcamiento, estrangulamiento y sofocación, de intención no determinada"
X22,Contacto traumático con escorpión
N17,Insuficiencia renal aguda
G41,Estado de mal epiléptico
V43,"Ocupante de automóvil lesionado por colisión con otro automóvil, camioneta o furgoneta"
P13,Traumatismo del esqueleto durante el nacimiento
A19,Tuberculosis miliar
K55,Trastornos vasculares de los intestinos
E72,Otros trastornos del metabolismo de los aminoácidos
V03,"Peatón lesionado por colisión con automóvil, camioneta o furgoneta"
I47,Taquicardia paroxística
A49,Infección bacteriana de sitio no especificado
R57,"Choque, no clasificado en otra parte"
B01,Varicela
K44,Hernia diafragmática
Y26,"Exposición al humo, fuego y llamas, de intención no determinada"
Y21,"Ahogamiento y sumersión, de intención no determinada"
Q64,Otras malformaciones congénitas del sistema urinario
R09,Otros síntomas y signos que involucran los sistemas circulatorio y respiratorio
Q81,Epidermólisis bullosa
J86,Piotórax
V44,Ocupante de automóvil lesionado por colisión con  vehículo de transporte pesado o autobús
Q76,Malformaciones congénitas de la columna vertebral y tórax óseo
M86,Osteomielitis
X91,"Agresión por ahorcamiento, estrangulamiento y sofocación"
D18,Hemangioma y linfangioma de cualquier sitio
X09,"Exposición a humos, fuegos o llamas no especificados"
C72,"Tumor maligno de la médula espinal, de los nervios craneales y de otras partes del sistema nervioso central"
I44,Bloqueo auriculoventricular y de rama izquierda del haz
B25,Enfermedad debida a virus citomegálico
D84,Otras inmunodeficiencias
P38,Onfalitis del recién nacido con o sin hemorragia leve
E25,Trastornos adrenogenitales
L30,Otras dermatitis
P08,Trastornos relacionados con el embarazo prolongado y con sobrepeso al nacer
P15,Otros traumatismos del nacimiento
G83,Otros síndromes paralíticos
I45,Otros trastornos de la conducción
P55,Enfermedad hemolítica del feto y del recién nacido
P61,Otros trastornos hematológicos perinatales
E74,Otros trastornos del metabolismo de los carbohidratos
D81,Inmunodeficiencias combinadas
Q30,Malformaciones congénitas de la nariz
P11,Otros traumatismos del nacimiento en el sistema nervioso central
X31,Exposición al frío natural excesivo
J22,Infección aguda no especificada de las vías respiratorias inferiores
C38,"Tumor maligno del corazón, del mediastino y de la pleura"
Q40,Otras malformaciones congénitas de la parte superior del tubo digestivo
K35,Apendicitis aguda
D43,Tumor de comportamiento incierto o desconocido del encéfalo y del sistema nervioso central
G81,Hemiplejía
P12,Traumatismo del nacimiento en el cuero cabelludo
Y07,Otros maltratos
E71,Trastornos del metabolismo de los aminoácidos de cadena ramificada y de los ácidos grasos
A86,"Encefalitis viral, no especificada"
V53,"Ocupante de camioneta o furgoneta lesionado por colisión con automóvil, camioneta o furgoneta"
B33,"Otras enfermedades virales, no clasificadas en otra parte"
L03,Celulitis
Y19,"Envenenamiento por, y exposición a otros productos químicos y sustancias nocivas, y los no especificados, de intención no determinada"
A40,Sepsis estreptocócica
P76,Otras obstrucciones intestinales del recién nacido
Q80,Ictiosis congénita
J11,Influenza debida a virus no identificado
B23,"Enfermedad por virus de la inmunodeficiencia humana [VIH], resultante en otras afecciones"
Q85,"Facomatosis, no clasificada en otra parte"
K40,Hernia inguinal
K76,Otras enfermedades del hígado
P35,Enfermedades virales congénitas
N15,Otras enfermedades renales tubulointersticiales
K71,Enfermedad tóxica del hígado
N12,"Nefritis tubulointersticial, no especificada como aguda o crónica"
A08,Infecciones intestinales debidas a virus y otros organismos especificados
P53,Enfermedad hemorrágica del feto y del recién nacido
J14,Neumonía debida a Haemophilus influenzae
B36,Otras micosis superficiales
I31,Otras enfermedades del pericardio
W64,"Exposición a otras fuerzas mecánicas animadas, y las no especificadas"
K42,Hernia umbilical
C79,Tumor maligno secundario de otros sitios y de sitios no especificados
J44,Otras enfermedades pulmonares obstructivas crónicas
C64,"Tumor maligno del riñón, excepto de la pelvis renal"
R10,Dolor abdominal y pélvico
P80,Hipotermia del recién nacido
D58,Otras anemias hemolíticas hereditarias
C94,Otras leucemias de tipo celular especificado
C96,"Otros tumores malignos y los no especificados del tejido linfático, de los órganos hematopoyéticos y de tejidos afines"
Q38,"Otras malformaciones congénitas de la lengua, de la boca y de la faringe"
K86,Otras enfermedades del páncreas
X21,Contacto traumático con arañas venenosas
X99,Agresión con objeto cortante
X95,"Agresión con disparo de otras armas de fuego, y las no especificadas"
A21,Tularemia
Q93,"Monosomías y supresiones de los autosomas, no  clasificadas en otra parte"
D70,Agranulocitosis
R04,Hemorragia de las vías respiratorias
M60,Miositis
X44,"Envenenamiento accidental por, y exposición a otras drogas, medicamentos y sustancias biológicas, y los no especificados"
G43,Migraña
X45,"Envenenamiento accidental por, y exposición al alcohol"
W66,Ahogamiento y sumersión consecutivos a caída en la bañera
B00,Infecciones herpética [herpes simple]
M32,Lupus eritematoso sistémico
G90,Trastornos del sistema nervioso autónomo
J90,Derrame pleural no clasificado en otra parte
W86,Exposición a otras corrientes eléctricas especificadas
W17,Otras caídas de un nivel a otro
Q07,Otras malformaciones congénitas del sistema nervioso
Q65,Deformidades congénitas de la cadera
M85,Otros trastornos de la densidad y de la estructura óseas
D89,"Otros trastornos que afectan el mecanismo de la inmunidad, no clasificados en otra parte"
I80,Flebitis y tromboflebitis
E78,Trastornos del metabolismo de las lipoproteínas y otras lipidemias
V40,Ocupante de automóvil lesionado por colisión con peatón o animal
K37,"Apendicitis, no especificada"
J38,"Enfermedades de las cuerdas vocales y de la laringe, no clasificadas en otra parte"
Y30,"Caída, salto o empujón desde lugar elevado, de intención no determinada"
V24,Motociclista lesionado por colisión con vehículo de transporte pesado o autobús
R29,Otros síntomas y signos que involucran los sistemas nervioso y osteomuscular
X90,Agresión con productos químicos y sustancias nocivas no especificadas
P57,Kernicterus
V87,Accidente de tránsito de tipo especificado pero donde se desconoce el modo de transporte de la víctima
G92,Encefalopatía tóxica
J42,Bronquitis crónica no especificada
E22,Hiperfunción de la glándula hipófisis
K29,Gastritis y duodenitis
E27,Otros trastornos  de la glándula suprarrenal
X20,Contacto traumático con serpientes y lagartos venenosos
W77,"Obstrucción de la respiración debida a hundimiento, caída de tierra u otras sustancias"
V19,"Ciclista lesionado en otros accidentes de transporte, y en los no especificados."
I74,Embolia y trombosis arteriales
Q84,Otras malformaciones congénitas de las faneras
P92,Problemas de la ingestión de alimentos del recién nacido
R16,"Hepatomegalia y esplenomegalia, no clasificadas en otra parte"
V22,Motociclista lesionado por colisión con vehículo de motor de dos o tres ruedas
I30,Pericarditis aguda
W68,Ahogamiento y sumersión consecutivos a caída en una piscina
K74,Fibrosis y cirrosis del hígado
L02,"Absceso cutáneo, furúnculo y ántrax"
L12,Penfigoide
C85,Linfoma no Hodgkin de otro tipo y el no especificado
V23,"Motociclista lesionado por colisión con automóvil, camioneta o furgoneta"
G24,Distonía
U10,
N25,Trastornos resultantes de la función tubular renal alterada
Y44,Efectos adversos de agentes que afectan primariamente los constituyentes de la sangre
X37,Víctima de tormenta cataclísmica
R06,Anormalidades de la respiración
I71,Aneurisma y disección aórticos
M72,Trastornos fibroblásticos
I82,Otras embolias y trombosis venosas
D75,Otras enfermedades de la sangre y de los órganos hematopoyéticos
C75,Tumor maligno de otras glándulas endocrinas y de estructuras afines
H66,Otitis media supurativa y la no especificada
H74,Otros trastornos del oído medio y de la apófisis mastoides
V58,Ocupante de camioneta o furgoneta lesionado en accidente de transporte sin colisión
D33,Tumor benigno del encéfalo y de otras partes del sistema nervioso central
K66,Otros trastornos del peritoneo
B48,"Otras micosis, no clasificadas en otra parte"
Q06,Otras malformaciones congénitas de la médula espinal
Q73,Defectos por reducción de miembro no especificado
M00,Artritis piógena
V59,"Ocupante de camioneta o furgoneta lesionado en otros accidentes de transporte, y en los no especificados"
C25,Tumor maligno del páncreas
E76,Trastornos del metabolismo de los glucosaminoglicanos
K73,"Hepatitis crónica, no clasificada en otra parte"
P50,Pérdida de sangre fetal
E79,Trastornos del metabolismo de las purinas y de las pirimidinas
V80,Jinete u ocupante de vehículo de tracción animal lesionado en accidente de transporte
V81,Ocupante de tren o vehículo de rieles lesionado en accidente de transporte
P58,Ictericia neonatal debida a otras hemólisis excesivas
E21,Hiperparatiroidismo y otros trastornos de la glándula paratiroides
I99,Otros trastornos y los no especificados del sistema circulatorio
D46,Síndromes mielodisplásicos
E32,Enfermedades del timo
M30,Poliarteritis nudosa y afecciones relacionadas
E34,Otros trastornos endocrinos
W29,"Contacto traumático con otras herramientas manuales y artefactos del hogar, con motor"
E40,Kwashiorkor
X10,"Contacto con bebidas, alimentos, grasas y aceites para cocinar, calientes"
W81,Confinado o atrapado en un ambiente con bajo contenido de oxígeno
X11,Contacto con agua caliente corriente
V29,"Motociclista lesionado en otros accidentes de transporte, y en los no especificados"
X92,Agresión por ahogamiento y sumersión
Y84,"Otros procedimientos médicos como la causa de reacción anormal del paciente o de complicación posterior, sin mención de incidente en el momento de efectuar el procedimiento"
Y00,Agresión con objeto romo o sin filo
R55,Síncope y colapso
A87,Meningitis viral
W54,Mordedura o ataque de perro
Y24,"Disparo de otras armas de fuego, y las no especificadas, de intención no determinada"
W67,Ahogamiento y sumersión mientras se está en una piscina
A03,Shigelosis
C48,Tumor maligno del peritoneo y del retroperitoneo
Y12,"Envenenamiento por, y exposición a narcóticos y psicodislépticos [alucinógenos], no clasificados en otra parte, de intención no determinada"
Y71,Dispositivos cardiovasculares asociados con incidentes adversos
Y17,"Envenenamiento por, y  exposición a otros gases y vapores, de intención no determinada"
D16,Tumor benigno del hueso y del cartílago articular
R07,Dolor de garganta y en el pecho
A15,"Tuberculosis respiratoria, confirmada bacteriológica e histológicamente"
J31,"Rinitis, rinofaringitis y faringitis crónicas"
V78,Ocupante de autobús lesionado en accidente de transporte sin colisión
C93,Leucemia monocítica
P14,Traumatismo del sistema nervioso periférico durante el nacimiento
A46,Erisipela
W22,Golpe contra o golpeado por otros objetos
W23,"Atrapado, aplastado, trabado o apretado en o entre objetos"
A28,"Otras enfermedades zoonóticas bacterianas, no clasificadas en otra parte"
P81,Otras alteraciones de la regulación de la temperatura en el recién nacido
Y22,"Disparo de arma corta, de intención no determinada"
D21,Otros tumores benignos del tejido conjuntivo y de los tejidos blandos
Y35,Intervención legal
J67,Neumonitis debida a hipersensibilidad al polvo orgánico
W10,Caída en o desde escalera o escalones
V79,"Ocupante de autobús lesionado en otros accidentes de transporte, y en los no especificados"
W15,Caída desde peñasco
W20,"Golpe por objeto arrojado, proyectado o que cae"
Q14,Malformaciones congénitas del segmento posterior del ojo
E77,Trastornos del metabolismo de las glucoproteínas
V84,Ocupante de vehículo especial (de motor) para uso principalmente en agricultura lesionado en accidente de transporte
V74,Ocupante de autobús lesionado por colisión con vehículo de transporte pesado o autobús
I81,Trombosis de la vena porta
D36,Tumor benigno de otros sitios y de los no especificados
W25,Contacto traumático con vidrio cortante
E63,Otras deficiencias nutricionales
W00,Caída en el mismo nivel por hielo o nieve
I64,"Accidente vascular encefálico agudo, no especificado como hemorrágico o isquémico"
I35,Trastornos no reumáticos de la válvula aórtica
J03,Amigdalitis aguda
K41,Hernia femoral
C31,Tumor maligno de los senos paranasales
C67,Tumor maligno de la vejiga urinaria
I67,Otras enfermedades cerebrovasculares
I88,Linfadenitis inespecífica
C83,Linfoma no folicular
C33,Tumor maligno de la tráquea
W57,Mordedura o picadura de insectos y otros artrópodos no venenosos
R96,Otras muertes súbitas de causa desconocida
X87,Agresión con plaguicidas
V09,"Peatón lesionado en otros accidentes de transporte, y en los no especificados"
H05,Trastornos de la órbita
I85,Várices esofágicas
L92,Trastornos granulomatosos de la piel y del tejido subcutáneo
D50,Anemias por deficiencia de hierro
B39,Histoplasmosis
W32,Disparo de arma corta
D14,Tumor benigno del oído medio y del sistema respiratorio
W18,Otras caídas en el mismo nivel
E26,Hiperaldosteronismo
A43,Nocardiosis
X02,Exposición a fuego controlado en edificio u otra construcción
M91,Osteocondrosis juvenil de la cadera y de la pelvis
I05,Enfermedades reumáticas de la válvula mitral
X46,"Envenenamiento accidental por, y exposición a disolventes orgánicos e hidrocarburos halogenados y sus vapores"
N49,"Trastornos inflamatorios de órganos genitales masculinos, no clasificados en otra parte"
I10,Hipertensión esencial (primaria)
I09,Otras enfermedades reumáticas del corazón
D41,Tumor de comportamiento incierto o desconocido de los órganos urinarios
V92,"Ahogamiento y sumersión relacionados con transporte por agua, sin accidente a la embarcación"
M33,Dermatopolimiositis
W24,"Contacto traumático con dispositivos de elevación o transmisión, no clasificado en otra parte"
C52,Tumor maligno de la vagina
W16,Salto o zambullida dentro del agua que causa otro traumatismo sin sumersión o ahogamiento
C47,Tumor maligno de los nervios periféricos y del sistema nervioso autónomo
G23,Otras enfermedades degenerativas de los núcleos de la base
A90,Fiebre del dengue [dengue clásico]
G30,Enfermedad de Alzheimer
D71,Trastornos funcionales de los polimorfonucleares neutrófilos
W55,Mordedura o ataque de otros mamíferos
V90,Accidente de embarcación que causa ahogamiento y sumersión
I08,Enfermedades valvulares múltiples
C61,Tumor maligno de la próstata
A32,Listeriosis
V14,Ciclista lesionado por colisión con vehículo de transporte pesado o autobús
C78,Tumor maligno secundario de los órganos respiratorios y digestivos
A27,Leptospirosis
C62,Tumor maligno del testículo
W31,"Contacto traumático con otras maquinarias, y las no especificadas"
A98,"Otras fiebres virales hemorrágicas, no clasificadas en otra parte"
R11,Náusea y vómito
X12,Contacto con otros líquidos calientes
K62,Otras enfermedades del ano y del recto
X04,Exposición a ignición de material altamente inflamable
M08,Artritis juvenil
R34,Anuria y oliguria
A01,Fiebres tifoidea y paratifoidea
G50,Trastornos del nervio trigémino
I34,Trastornos no reumáticos de la válvula mitral
M34,Esclerosis sistémica
B67,Equinococosis
W11,Caída en o desde escalera manuales
N80,Endometriosis
F45,Trastornos somatomorfos
C30,Tumor maligno de las fosas nasales y del oído medio
C11,Tumor maligno de la nasofaringe
J47,Bronquiectasia
X48,"Envenenamiento accidental por, y exposición a plaguicidas"
X19,"Contacto con otras sustancias calientes, y las no especificadas"
J41,Bronquitis crónica simple y mucopurulenta
F03,"Demencia , no especificada"
D32,Tumores benignos de las meninges
W52,"Persona aplastada, empujada o pisoteada por una multitud o estampida humana"
W59,Mordedura o aplastamiento por otros reptiles
W21,Golpe contra o golpeado por equipo para deportes
Y59,"Efectos adversos de otras vacunas y sustancias biológicas, y las no especificadas"
R73,Nivel elevado de glucosa en sangre
G58,Otras mononeuropatías
X15,Contacto con utensilios domésticos calientes
C01,Tumor maligno de la base de la lengua
X36,"Víctima de avalancha, derrumbe y otros movimientos de tierra"
L40,Psoriasis
V60,Ocupante de vehículo de transporte pesado lesionado por colisión con peatón o animal
V63,"Ocupante de vehículo de transporte pesado lesionado por colisión con automóvil, camioneta o furgoneta"
L89,Úlcera de decúbito
Y88,Secuelas con atención médica y quirúrgica como causa externa
L81,Otros trastornos de la pigmentación
X42,"Envenenamiento accidental por, y exposición a narcóticos y psicodislépticos [alucinógenos], no clasificados en otra parte"
M79,"Otros trastornos de los tejidos blandos, no clasificados en otra parte"
Y15,"Envenenamiento por, y exposición al alcohol, de intención no determinada"
Y73,Dispositivos de gastroenterología y urología asociados con incidentes adversos
C06,Tumor maligno de otras partes y de las no especificadas de la boca
V42,Ocupante de automóvil lesionado por colisión con vehículo de motor de dos o tres ruedas
G52,Trastornos de otros nervios craneales
C90,Mieloma múltiple y tumores malignos de células plasmáticas
N03,Síndrome nefrítico crónico
X69,"Envenenamiento autoinfligido intencionalmente por, y exposición a otros productos químicos y sustancias nocivas, y los no especificados"
O99,"Otras enfermedades maternas clasificables en otra parte, pero que complican el embarazo, el parto y el puerperio"
V62,Ocupante de vehículo de transporte pesado lesionado por colisión con vehículo de motor de dos o tres ruedas
X98,"Agresión con vapor de agua, vapores y objetos calientes"
X74,"Lesión autoinfligida intencionalmente por disparo de otras armas de fuego, y las no especificadas"
X81,Lesión autoinfligida intencionalmente por arrojarse o colocarse delante de objeto en movimiento
V46,Ocupante de automóvil lesionado por colisión con otros vehículos sin motor
X71,Lesión autoinfligida intencionalmente por ahogamiento y sumersión
I12,Enfermedad renal hipertensiva
C82,Linfoma folicular
A35,Otros tétanos
O14,Preeclampsia
Y10,"Envenenamiento por, y exposición a analgésicos no narcóticos, antipiréticos y antirreumáticos, de intención no determinada"
X94,"Agresión con disparo de rifle, escopeta y arma larga"
B40,Blastomicosis
B45,Criptococosis
V86,Ocupante de vehículo especial para todo terreno o de otro vehículo de motor para uso fuera de la carretera lesionado en accidente de transporte
O95,Muerte obstétrica de causa no especificada
V64,Ocupante de vehículo de transporte pesado lesionado por colisión con otro vehículo de transporte pesado o autobús
K05,Gingivitis y enfermedades periodontales
B60,"Otras enfermedades debidas a protozoarios, no clasificadas en otra parte"
X80,Lesión autoinfligida intencionalmente al saltar desde un lugar elevado
X76,"Lesión autoinfligida intencionalmente por humo, fuego y llamas"
V50,Ocupante de camioneta o furgoneta lesionado por colisión con peatón o animal
F20,Esquizofrenia
X84,Lesión autoinfligida intencionalmente por medios no especificados
M65,Sinovitis y tenosinovitis
C86,Otros tipos especificados de linfoma de células T/NK
O96,Muerte materna debida a cualquier causa obstétrica que ocurre después de 42 días pero antes de un año del parto
V20,Motociclista lesionado por colisión con peatón o animal
L53,Otras afecciones eritematosas
C20,Tumor maligno del recto
K26,Úlcera duodenal
L10,Pénfigo
B41,Paracoccidioidomicosis
C51,Tumor maligno de la vulva
X72,Lesión autoinfligida intencionalmente por disparo de arma corta
C54,Tumor maligno del cuerpo del útero
C73,Tumor maligno de la glándula tiroides
X82,Lesión autoinfligida intencionalmente por colisión de vehículo de motor
W33,"Disparo de rifle, escopeta y arma larga"
C04,Tumor maligno del piso de la boca
V01,Peatón lesionado por colisión con vehículo de pedal
V25,Motociclista lesionado por colisión con tren o vehículo de rieles
D12,"Tumor benigno del colon, del recto, del conducto anal y del ano"
K27,"Úlcera péptica, de sitio no especificado"
X67,"Envenenamiento autoinfligido intencionalmente por, y exposición a otros gases y vapores"
X73,"Lesión autoinfligida intencionalmente por disparo de rifle, escopeta y arma larga"
O00,Embarazo ectópico
W40,Explosión de otros materiales
D73,Enfermedades del bazo
O85,Sepsis puerperal
R58,"Hemorragia, no clasificada en otra parte"
M13,Otras artritis
X64,"Envenenamiento autoinfligido intencionalmente por, y exposición a otras drogas, medicamentos y sustancias biológicas, y los no especificados"
B87,Miasis
B06,Rubéola [sarampión alemán]
X32,Exposición a rayos solares
A42,Actinomicosis
M24,Otros trastornos articulares específicos
V17,Ciclista lesionado por colisión con objeto estacionado o fijo
C09,Tumor maligno de la amígdala
F44,Trastornos disociativos [de conversión]
M06,Otras artritis reumatoides
C07,Tumor maligno de la glándula parótida
N20,Cálculo del riñón y del uréter
V34,Ocupante de vehículo de motor de tres ruedas lesionado por colisión con vehículo de transporte pesado o autobús
C97,Tumores malignos (primarios) de sitios múltiples independientes
F07,"Trastronos de la personalidad y del comportamiento debidos a enfermedad, lesión o disfunción cerebral"
V57,Ocupante de camioneta o furgoneta lesionado por colisión objeto fijo o estacionado
L41,Parapsoriasis
M17,Gonartrosis [artrosis de la rodilla]
D83,Inmunodeficiencia variable común
V65,Ocupante de vehículo de transporte pesado lesionado por colisión con tren o vehículo de rieles
R60,"Edema, no clasificado en otra parte"
J32,Sinusitis crónica
Y43,Efectos adversos de agentes sistémicos primarios
D60,"Aplasia adquirida, exclusiva de la serie roja [eritroblastopenia]"
K80,Colelitiasis
V21,Motociclista lesionado por colisión con vehículo de pedal
A74,Otras enfermedades causadas por clamidias
I02,Corea reumática
C05,Tumor maligno del paladar
I37,Trastornos de la válvula pulmonar
O90,"Complicaciones del puerperio, no clasificadas en otra parte"
D42,Tumor de comportamiento incierto o desconocido de las meninges
G10,Enfermedad de Huntington
J70,Afecciones respiratorias debidas a otros agentes externos
O03,Aborto espontáneo
V10,Ciclista lesionado por colisión con peatón o animal
O98,"Enfermedades maternas infecciosas y parasitarias clasificables en otra parte, pero que complican el embarazo, el parto y el puerperio"
O10,"Hipertensión preexistente que complica el embarazo, el parto y el puerperio"
F10,Trastornos mentales y del comportamiento debidos al uso de alcohol
O71,Otro trauma obstétrico
X75,Lesión autoinfligida intencionalmente por material explosivo
C55,"Tumor maligno del útero, parte no especificada"
N32,Otros trastornos de la vejiga
X78,Lesión autoinfligida intencionalmente por objeto cortante
O67,"Trabajo de parto y parto complicados por hemorragia intraparto, no clasificados en otra parte"
O36,Atención materna por otros problemas fetales conocidos o presuntos
C57,Tumor maligno de otros órganos genitales femeninos y de los no especificados
W45,Cuerpo extraño que penetra a través de la piel
D40,Tumor de comportamiento incierto o desconocido de los órganos genitales masculinos
V26,Motociclista lesionado por colisión con otros vehículos sin motor
W35,Explosión y rotura de caldera
O41,Otros trastornos del líquido amniótico y de las membranas
O70,Desgarro perineal durante el parto
O44,Placenta previa
E67,Otros tipos de hiperalimentación
X39,"Exposición a otras fuerzas de la naturaleza, y las no especificadas"
B42,Esporotricosis
L50,Urticaria
Y40,Efectos adversos de antibióticos sistémicos
B78,Estrongiloidiasis
Y32,"Colisión de vehículo de motor, de intención no determinada"
X35,Víctima de erupción volcánica
Y01,Agresión por empujón desde un lugar elevado
N07,Nefropatía hereditaria no clasificada en otra parte
D86,Sarcoidosis
X83,Lesión autoinfligida intencionalmente por otros medios especificados
O73,"Retención de la placenta o de las membranas, sin hemorragia"
K70,Enfermedad alcohólica del hígado
F14,Trastornos mentales y del comportamiento debidos al uso de cocaína
F16,Trastornos mentales y del comportamiento debidos al uso de alucinógenos
O01,Mola hidatiforme
X66,"Envenenamiento autoinfligido intencionalmente por, y exposición a disolventes orgánicos e hidrocarburos halogenados y sus vapores"
N02,Hematuria recurrente y persistente
V37,Ocupante de vehículo de motor de tres ruedas lesionado por  colisión con objeto fijo o estacionado
R41,Otros síntomas y signos que involucran la función cognoscitiva y la conciencia
E11,Diabetes mellitus no insulinodependiente
N27,Riñón pequeño de causa desconocida
L90,Trastornos atróficos de la piel
D28,Tumor benigno de otros órganos genitales femeninos y de los no especificados
B05,Sarampión
O29,Complicaciones de la anestesia administrada durante el embarazo
N85,"Otros trastornos no inflamatorios del útero, excepto del cuello"
V97,Otros accidentes de transporte aéreo especificados
Y50,"Efectos adversos de estimulantes del sistema nervioso central, no clasificados en otra parte"
M50,Trastornos de disco cervical
D07,Carcinoma in situ de otros órganos genitales y de los no especificados
E06,Tiroiditis
V76,Ocupante de autobús lesionado por colisión con otros vehículos sin motor
N73,Otras enfermedades pélvicas inflamatorias femeninas
C60,Tumor maligno del pene
A52,Sífilis tardía
N92,"Menstruación excesiva, frecuente e irregular"
V15,Ciclista lesionado por colisión con tren o vehículo de rieles
D04,Carcinoma in situ de la piel
O22,Complicaciones venosas y hemorroides en el embarazo
K12,Estomatitis y lesiones afines
N23,"Cólico renal, no especificado"
I78,Enfermedades de los vasos capilares
R90,Hallazgos anormales en diagnóstico por imagen del sistema nervioso central
R27,Otras fallas de coordinación
L70,Acné
C00,Tumor maligno del labio
J64,"Neumoconiosis, no especificada"
A31,Infecciones debidas a otras micobacterias
B04,Viruela de los monos
F70,Retraso mental leve
O43,Trastornos placentarios
M83,Osteomalacia del adulto
R97,
C68,Tumor maligno de otros óganos urinarios y de los no especificados
A30,Lepra [enfermedad de Hansen]
M46,Otras espondilopatías inflamatorias
D00,"Carcinoma in situ de la cavidad bucal, del esófago y del estómago"
D26,Otros tumores benignos del útero
C08,Tumor maligno de otras glándulas salivales mayores y de las no especificadas
M88,Enfermedad de Paget de los huesos [osteítis deformante]
E04,Otros bocios no tóxicos
N30,Cistitis
L00,Síndrome estafilocócico de la piel escaldada
V55,Ocupante de camioneta o furgoneta lesionado por colisión con tren o vehículo de rieles
M18,Artrosis de la primera articulación carpometacarpiana
N76,Otras afecciones inflamatorias de la vagina y de la vulva
J65,Neumoconiosis asociada con tuberculosis
A54,Infección gonocócica
M61,Calcificación y osificación del músculo
W51,Choque o empellón contra otra persona
G56,Mononeuropatías del miembro superior
F48,Otros trastornos neuróticos
F71,Retraso mental moderado
M80,Osteoporosis con fractura patológica
N81,Prolapso genital femenino
Y45,"Efectos adversos de drogas analgésicas, antipiréticas y antiinflamatorias"
Y47,"Efectos adversos de drogas sedantes, hipnóticas y ansiolíticas"
J01,Sinusitis aguda
E52,Deficiencia de niacina [pelagra]
D13,Tumor benigno de otras partes y de las mal definidas del sistema digestivo
V96,"Accidente de aeronave sin motor, con ocupante lesionado"
V83,Ocupante de vehículo especial (de motor) para uso principalmente en plantas industriales lesionado en accidente de transporte
I15,Hipertensión secundaria
I22,Infarto subsecuente del miocardio
L04,Linfadenitis aguda
F11,Trastornos mentales y del comportamiento debidos al uso de opiáceos
W38,Explosión y rotura de otros dispositivos presurizados especificado
L85,Otros tipos de engrosamiento epidérmico
N71,"Enfermedad inflamatoria del útero, excepto del cuello uterino"
H72,Perforación de la membrana timpánica
F60,Trastornos específicos de la personalidad
R19,Otros síntomas y signos que involucran el sistema digestivo y el abdomen
I00,Fiebre reumática sin mención de complicación cardíaca
Y79,Dispositivos ortopédicos asociados con incidentes adversos
A59,Tricomoniasis
F43,Reacción al estrés grave y trastornos de adaptación
K38,Otras enfermedades del apéndice
X53,Privación de alimentos
N93,Otras hemorragias uterinas o vaginales anormales
M23,Trastorno interno de la rodilla
M45,Espondilitis anquilosante
Q12,Malformaciones congénitas del cristalino
N84,Pólipo del tracto genital femenino
N95,Otros trastornos menopáusicos y perimenopáusicos
M53,"Otras dorsopatías, no clasificadas en otra parte"
D62,Anemia posthemorrágica aguda
B43,Cromomicosis y absceso feomicótico
M93,Otras osteocondropatías
C12,Tumor maligno del seno piriforme
D31,Tumor benigno del ojo y sus anexos
B38,Coccidioidomicosis
K58,Síndrome del colon irritable
M99,"Lesiones biomecánicas, no clasificadas en otra parte"
R23,Otros cambios en la piel
L05,Quiste pilonidal
A22,Carbunco [ántrax]
D01,Carcinoma in situ de otros órganos digestivos y de los no especificados
D05,Carcinoma in situ de la mama
D19,Tumores benignos del tejido mesotelial
H44,Trastornos del globo ocular
N06,Proteinuria aislada con lesión morfológica especificada
X13,Contacto con vapor de agua y otros vapores calientes
M43,Otras dorsopatías deformantes
V31,Ocupante de vehículo de motor de tres ruedas lesionado por colisión con vehículo de pedal
L28,Liquen simple crónico y prurigo
N88,Otros trastornos no inflamatorios del cuello del útero
A83,Encefalitis viral transmitida por mosquitos
M02,Artropatías reactivas
V73,"Ocupante de autobús lesionado por colisión con automóvil, camioneta o furgoneta"
N40,Hiperplasia de la próstata
R72,"Anormalidades de los leucocitos, no clasificadas en otra parte"
R47,"Alteraciones del habla, no clasificadas en otra parte"
N72,Enfermedad inflamatoria del cuello uterino
F40,Trastornos fóbicos de ansiedad
E07,Otros trastornos tiroideos
k74,
J66,Enfermedades de las vías aéreas debidas a polvos orgánicos específicos
A94,"Fiebre viral transmitida por artrópodos, no especificada"
F42,Trastorno obsesivo-compulsivo
Y54,Efectos adversos de agentes que afectan primariamente el equilibrio hídrico y el metabolismo mineral y del ácido úrico
R17,Ictericia no especificada
N41,Enfermedades inflamatorias de la próstata
N64,Otros trastornos de la mama
I36,Trastornos no reumáticos de la válvula tricúspide
Y55,Efectos adversos de agentes que actúan primariamente sobre los músculos lisos y estriados y sobre el sistema respiratorio
H81,Trastornos de la función vestibular
R13,Disfagia
R54,Senilidad
N36,Otros trastornos de la uretra
Y72,Dispositivos otorrinolaringológicos asociados con incidentes adversos
E58,Deficiencia dietética de calcio
R76,Otros hallazgos inmunológicos anormales en suero
K13,Otras enfermedades de los labios y de la mucosa bucal
D29,Tumor benigno de los órganos genitales masculinos
D51,Anemia por deficiencia de vitamina B12
B76,Anquilostomiasis y necatoriasis
F33,Trastorno depresivo recurrente
L68,Hipertricosis
L73,Otros trastornos foliculares
K14,Enfermedades de la lengua
X51,Viajes y desplazamientos
E56,Otras deficiencias de vitaminas
D10,Tumor benigno de la boca y de la faringe
Y53,Efectos adversos de agentes que afectan primariamente el sistema gastrointestinal
X63,"Envenenamiento autoinfligido intencionalmente por, y exposición a otras drogas que actúan sobre el sistema nervioso autónomo"
G57,Mononeuropatías del miembro inferior
R74,Nivel anormal de enzimas en suero
K64,Hemorroides y trombosis venosa perianal
R80,Proteinuria aislada
M12,Otras artropatías específicas
R77,Otras anormalidades de las proteínas plasmáticas
X50,Exceso de esfuerzo y movimientos extenuantes y repetitivos
E50,Deficiencia de vitamina A
X54,Privación de agua
J63,Neumoconiosis debida a otros polvos inorgánicos
M42,Osteocondrosis de la columna vertebral
M40,Cifosis y lordosis
L83,Acantosis nigricans
A95,Fiebre amarilla
L72,Quiste folicular de la piel y del tejido subcutáneo
K11,Enfermedades de las glándulas salivales
Y56,"Efectos adversos de agentes tópicos que afectan primariamente la piel y las membranas mucosas, y drogas oftalmológicas, otorrinolaringológicas y dentales"
E61,Deficiencias de otros elementos nutricionales
F12,Trastornos mentales y del comportamiento debidos al uso de cannabinoides
H65,Otitis media no supurativa
B08,"Otras infeciones víricas caracterizadas por lesiones de la piel y de las membranas mucosas, no clasificadas en otra parte"
A07,Otras enfermedades intestinales debidas a protozoarios
B47,Micetoma
A26,Erisipeloide
F59,"Síndromes del comportamiento asociados con alteraciones fisiológicas y factores físicos, no especificados"
D30,Tumor benigno de los órganos urinarios
A51,Sífilis precoz
A92,Otras fiebres virales transmitidas por mosquitos
B09,"Infección viral no especificada, caracterizada por lesiones de la piel y de las membranas mucosas"
Y51,Efectos adversos de drogas que afectan primariamente el sistema nervioso autónomo
Y62,Fallas en la esterilización durante la atención médica y quirúrgica
Y63,Falla en la dosificación durante la atención médica y quirúrgica
k80,
B30,Conjuntivitis viral
B35,Dermatofitosis
B92,Secuelas de lepra
b99,
H15,Trastornos de la esclerótica
R26,Anormalidades de la marcha y de la movilidad
R43,Trastornos del olfato y del gusto
L25,"Dermatitis de contacto, forma no especificada"
L44,Otros trastornos papuloescamosos
L58,Radiodermatitis
L66,Alopecia cicatricial [pérdida cicatricial del pelo]
R82,Otros hallazgos anormales en la orina
M66,Ruptura espontánea de la sinovia y del tendón
V71,Ocupante de autobús lesionado por colisión con vehículo de pedal
O21,Vómitos excesivos del embarazo
V70,Ocupante de autobús lesionado por colisión con peatón o animal
O69,Trabajo de parto y parto complicados por problemas del cordón umbilical
H16,Queratitis
R94,Resultados anormales de estudios funcionales
O25,Desnutrición en el embarazo
F34,Trastorno del humor [afectivos] persistentes
R65,Síndrome de respuesta inflamatoria sistémica
O60,Parto prematuro
O66,Otras obstrucciones del trabajo de parto
B65,Esquistosomiasis [bilharziasis]
O20,Hemorragia precoz del embarazo
J37,Laringitis y laringotraqueítis crónicas
N98,Complicaciones asociadas con la fecundación artificial
L13,Otros trastornos flictenulares
W41,Exposición a chorro de alta presión
J30,Rinitis alérgica y vasomotora
N44,Torsión del testículo
O34,Atención materna por anormalidades conocidas o presuntas de los órganos pelvianos de la madre
L71,Rosásea
Y76,Dispositivos ginecológicos y obstétricos asociados con incidentes adversos
B68,Teniasis
W60,"Contacto traumático con aguijones, espinas u hojas cortantes de plantas"
R51,Cefalea
M20,Deformidades adquiridas de los dedos de la mano y del pie
R14,Flatulencia y afecciones afines
R35,Poliuria
A77,Fiebre maculosa [rickettsiosis transmitida por garrapatas]
H60,Otitis externa
H49,Estrabismo paralítico
L11,Otros trastornos acantolíticos
i50,
E28,Disfunción ovárica
L75,Trastornos sudoríparos apocrinos
R33,Retención de orina
E01,Trastornos tiroideos vinculados a deficiencia de yodo y afecciones relacionadas
R84,Hallazgos anormales en muestras tomadas de órganos respiratorios y torácicos
F18,Trastornos mentales y del comportamiento debidos al uso de disolventes volátiles
R42,Mareo y desvanecimiento
R89,"Hallazgos anormales en muestras tomadas de otros órganos, sistemas y tejidos"
M21,Otras deformidades adquiridas de los miembros
Q54,Hipospadias
X52,Permanencia prolongada en ambiente sin gravedad
L63,Alopecia areata
R95,Síndrome de la muerte súbita infantil
B34,Infección viral de sitio no especificado
Q25,Malformaciones congénitas de las grandes arterias
Q01,Encefalocele
Q82,Otras malformaciones congénitas de la piel
J18,"Neumonía, organismo no especificado"
R68,Otros síntomas y signos generales
P00,Feto y recién nacido afectado por condiciones de la madre no necesariamente relacionadas con el embarazo presente
I61,Hemorragia intraencefálica
J81,Edema pulmonar
Q39,Malformaciones congénitas del esófago
Q44,"Malformaciones congénitas de la vesícula biliar, de los conductos biliares y del hígado"
G00,"Meningitis bacteriana, no clasificada en otra parte"
C95,Leucemia de células de tipo no especificado
P91,Otras alteraciones cerebrales del recién nacido
I51,Complicaciones y descripciones mal definidas de enfermedad cardíaca
Q28,Otras malformaciones congénitas del sistema circulatorio
A05,"Otras intoxicaciones alimentarias bacterianas, no clasificadas en otra parte"
K72,"Insuficiencia hepática, no clasificada en otra parte"
P21,Asfixia del nacimiento
J69,Neumonitis debida a sólidos y líquidos
P23,Neumonía congénita
Q34,Otras malformaciones congénitas del sistema respiratorio
B24,"Enfermedad por virus de la inmunodeficiencia humana [VIH], sin otra especificación"
P01,Feto y recién nacido afectados por complicaciones maternas del embarazo
E46,"Desnutrición proteicocalórica, no especificada"
Q90,Síndrome de Down
B37,Candidiasis
Q33,Malformaciones congénitas del pulmón
N39,Otros trastornos del sistema urinario
J21,Bronquiolitis aguda
E16,Otros trastornos de la secreción interna del páncreas
I42,Cardiomiopatía
W74,Ahogamiento y sumersión no especificados
K83,Otras enfermedades de las vías biliares
D64,Otras anemias
Q92,"Otras trisomías y trisomías parciales de los autosomas, no clasificadas en otra parte"
P02,"Feto y recién nacido afectado por complicaciones de la placenta, del cordón umbilical y de las membranas"
C80,Tumor maligno de sitios no especificados
D69,Púrpura y otras afecciones hemorrágicas
Q00,Anencefalia y malformaciones congénitas similares
P03,Feto y recién nacido afectados por otras complicaciones del trabajo de parto y del parto
A09,Otras gastroenteritis y colitis de origen infeccioso y no especificado
Q23,Malformaciones congénitas de las válvulas aórtica y mitral
P26,Hemorragia pulmonar originada en el período perinatal
P77,Enterocolitis necrotizante del feto y del recién nacido
G04,"Encefalitis, mielitis y encefalomielitis"
J98,Otros trastornos respiratorios
Q03,Hidrocéfalo congénito
D48,Tumor de comportamiento incierto o desconocido de otros sitios y de los no especificados
W79,Inhalación e ingestión de alimento que causa obstrucción de las vías respiratorias
W84,Obstrucción no especificada de la respiración
E23,Hipofunción y otros trastornos de la glándula hipófisis
E43,"Desnutrición proteicocalórica severa, no especificada"
J85,Absceso del pulmón y del mediastino
E88,Otros trastornos metabólicos
Y06,Negligencia y abandono
Q99,"Otras anomalías cromosómicas, no clasificadas en otra parte"
N19,Insuficiencia renal no especificada
W06,Caída que implica cama
Q75,Otras malformaciones congénitas de los huesos del cráneo y de la cara
D65,Coagulación intravascular diseminada [síndrome de desfibrinación]
Q20,Malformaciones congénitas de las cámaras cardíacas y sus conexiones
J96,"Insuficiencia respiratoria, no clasificada en otra parte"
Q63,Otras malformaciones congénitas del riñón
G62,Otras polineuropatías
D61,Otras anemias aplásticas
Q98,"Otras anomalías de los cromosomas sexuales, con fenotipo masculino, no clasificadas en otra parte"
E87,"Otros trastornos de los líquidos, de los electrólitos y del equilibrio ácido-básico"
G47,Trastornos del sueño
W78,Inhalación de contenidos gástricos
E84,Fibrosis quística
P94,Trastornos del tono muscular del recién nacido
Q86,"Síndromes de malformaciones congénitas debidos a causas exógenas conocidas, no clasificados en otra parte"
I27,Otras enfermedades cardiopulmonares
V49,"Ocupante de automóvil lesionado en otros accidentes de transporte, y en los no especificados"
C76,Tumor maligno de otros sitios y de los sitios mal definidos
L51,Eritema multiforme
I50,Insuficiencia cardíaca
B55,Leishmaniasis
Q04,Otras malformaciones congénitas del encéfalo
E44,Desnutrición proteicocalórica de grado moderado y leve
B99,Otras enfermedades infecciosas y las no especificadas
R56,"Convulsiones, no clasificadas en otra parte"
Q97,"Otras anomalías de los cromosomas sexuales, con fenotipo femenino, no clasificadas en otra parte"
G91,Hidrocéfalo
P27,Enfermedad respiratoria crónica originada en el período perinatal
X59,Exposición a factores no especificados
A17,Tuberculosis del sistema nervioso
V48,Ocupante de automóvil lesionado en accidente de transporte sin colisión
P78,Otros trastornos perinatales del sistema digestivo
J09,Influenza debida a ciertos virus de la influenza identificados
J13,Neumonía debida a Streptococcus pneumoniae
G70,Miastenia gravis y otros trastornos neuromusculares
Q45,Otras malformaciones congénitas del sistema digestivo
Q05,Espina bífida
C34,Tumor maligno de los bronquios y del pulmón
E03,Otros hipotiroidismos
Y34,"Evento no especificado, de intención no determinada"
C92,Leucemia mieloide
G82,Paraplejía y cuadriplejía
X00,Exposición a fuego no controlado en edificio u otra construcción
W76,Otros estrangulamientos y ahorcamientos accidentales
E86,Depleción del volumen
C74,Tumor maligno de la glándula suprarrenal
Y83,"Cirugía y otros procedimientos quirúrgicos como la causa de reacción anormal del paciente o de complicación posterior, sin mención de incidente en el momento de efectuar el procedimiento"
Q55,Otras malformaciones congénitas de los órganos genitales masculinos
Q35,Fisura del paladar
Q36,Labio leporino
G98,"Otros trastornos del sistema nervioso, no clasificados en otra parte"
K63,Otras enfermedades de los intestinos
I33,Endocarditis aguda y subaguda
B20,"Enfermedad por virus de la inmunodeficiencia humana [VIH], resultante en enfermedades infecciosas y parasitarias"
Q67,"Deformidades osteomusculares congénitas de la cabeza, de la cara, de la columna vertebral y del tórax"
W73,Otros ahogamientos y sumersiones especificados
D66,Deficiencia hereditaria del factor VIII
C22,Tumor maligno del hígado y de las vías biliares intrahepáticas
X47,"Envenenamiento accidental por, y exposición a otros gases y vapores"
W70,Ahogamiento y sumersión posterior a caída en aguas naturales
P70,Trastornos transitorios del metabolismo de los carbohidratos específicos del feto y del recién nacido
Q02,Microcefalia
Q42,"Ausencia, atresia y estenosis congénita del intestino grueso"
A04,Otras infecciones intestinales bacterianas
Y04,Agresión con fuerza corporal
G12,Atrofia muscular espinal y síndromes afines
K90,Malabsorción intestinal
X06,Exposición a ignición o fusión de otras ropas y accesorios
W87,Exposición a corriente eléctrica no especificada
P37,Otras enfermedades infecciosas y parasitarias congénitas
P59,Ictericia neonatal por otras causas y por las no especificadas
I40,Miocarditis aguda
P04,Feto y recién nacido afectados por influencias nocivas transmitidas a través de la placenta o de la leche materna
X30,Exposición al calor natural excesivo
I26,Embolia pulmonar
N28,"Otros trastornos del riñón y del uréter, no clasificados en otra parte"
Q72,Defectos por reducción del miembro inferior
J06,"Infecciones agudas de las vías respiratorias superiores, de sitios múltiples o no especificados"
R98,Muerte sin asistencia
A37,Tos ferina [tos convulsiva]
P74,Otras alteraciones metabólicas y electrolíticas neonatales transitorias
D37,Tumor de comportamiento incierto o desconocido de la cavidad bucal y de los órganos digestivos
E55,Deficiencia de vitamina D
V68,Ocupante de vehículo de transporte pesado lesionado en accidente de transporte sin colisión
K21,Enfermedad del reflujo gastroesofágico
P90,Convulsiones del recién nacido
X40,"Envenenamiento accidental por, y exposición a analgésicos no narcóticos, antipiréticos y antirreumáticos"
J10,Influenza debida a otro virus de la influenza identificado
Q22,Malformaciones congénitas de la válvulas pulmonar y tricúspide
J16,"Neumonía debida a otros microorganismos infecciosos, no clasificados en otra parte"
K31,Otras enfermedades del estómago y del duodeno
I60,Hemorragia subaracnoidea
D67,Deficiencia hereditaria del factor IX
Y05,Agresión sexual con fuerza corporal
N05,Síndrome nefrítico no especificado
R83,Hallazgos anormales en el líquido cefalorraquídeo
V45,Ocupante de automóvil lesionado por colisión con tren o vehículo de rieles
C02,Tumor maligno de otras partes y de las no especificadas de la lengua
J82,"Eosinofilia pulmonar, no clasificada en otra parte"
B59,Neumocistosis
B49,"Micosis, no especificada"
J20,Bronquitis aguda
Q74,Otras anomalías congénitas del (de los) miembro(s)
I62,Otras hemorragias intracraneales no traumáticas
I11,Enfermedad cardíaca hipertensiva
W83,Otras obstrucciones especificadas de la respiración
E41,Marasmo nutricional
N18,Enfermedad renal crónica
Q37,Fisura del paladar con labio leporino
V02,Peatón lesionado por colisión con vehículo de motor de dos o tres ruedas
I21,Infarto agudo del miocardio
J94,Otras afecciones de la pleura
G95,Otras enfermedades de la médula espinal
V47,Ocupante de automóvil lesionado por colisión con objeto fijo o estacionado
W44,Cuerpo extraño que penetra por el ojo u orificio natural
G96,Otros trastornos del sistema nervioso central
V54,Ocupante de camioneta o furgoneta lesionado por colisión con vehículo de transporte pesado o autobús
E14,"Diabetes mellitus, no especificada"
Y08,Agresión por otros medios especificados
D76,Otras enfermedades especificadas con participación deL tejido linforreticular y del tejido reticulohistiocítico
K59,Otros trastornos funcionles del intestino
Q56,Sexo indeterminado y seudohermafroditismo
K82,Otras enfermedades de la vesícula biliar
D55,Anemia debida a trastornos enzimáticos
I89,Otros trastornos no infecciosos de los vasos y ganglios linfáticos
Q68,Otras deformidades osteomusculares congénitas
V04,Peatón lesionado por colisión con vehículo de transporte pesado o autobús
R59,Adenomegalia
I24,Otras enfermedades isquémicas agudas del corazón
V89,"Accidente de vehículo de motor o sin motor, tipo de vehículo no especificado"
J45,Asma
V75,Ocupante de autobús lesionado por colisión con tren o vehículo de rieles
Q52,Otras malformaciones congénitas de los órganos genitales femeninos
E83,Trastornos del metabolismo de los minerales
L01,Impétigo
G06,Absceso y granuloma intracraneal e intrarraquídeo
N11,Nefritis  tubulointersticial crónica
K46,Hernia no especificada de la cavidad abdominal
R40,"Somnolencia, estupor y coma"
N13,Uropatía obstructiva y por reflujo
Y33,"Otros eventos especificados, de intención no determinada"
R18,Ascitis
J43,Enfisema
R00,Anormalidades del latido cardíaco
X93,Agresión con disparo de arma corta
X29,Contacto traumático con animales y plantas venenosos no especificados
M89,Otros trastornos del hueso
X33,Víctima de rayo
I25,Enfermedad isquémica crónica del corazón
D47,"Otros tumores de comportamiento incierto o desconocido del tejido linfático, de los órganos hematopoyéticos y de tejidos afines"
K36,Otros tipos de apendicitis
E10,Diabetes mellitus insulinodependiente
D38,Tumor de comportamiento incierto o desconocido del oído medio y de los órganos respiratorios e intratorácicos
W85,Exposición a líneas de transmisión eléctrica
E31,Disfunción poliglandular
K43,Hernia ventral
E70,Trastornos del metabolismo de los aminoácidos aromáticos
K75,Otras enfermedades inflamatorias del hígado
V95,"Accidente de aeronave de motor, con ocupante lesionado"
K45,Otras hernias de la cavidad abdominal
M94,Otros trastornos del cartílago
W04,Caída al ser trasladado o sostenido por otras personas
K57,Enfermedad diverticular del intestino
D15,Tumor benigno de otros órganos intratorácicos y de los no especificados
D72,Otros trastornos de los leucocitos
K50,Enfermedad de Crohn [enteritis regional]
A16,"Tuberculosis respiratoria, no confirmada bacteriológica o histológicamente"
K52,Otras colitis y gastroenteritis no infecciosas
X97,"Agresión con humo, fuego y llamas"
G31,"Otras enfermedades degenerativas del sistema nervioso, no clasificadas en otra parte"
C49,Tumor maligno de otros tejidos conjuntivos y de tejidos blandos
I63,Infarto cerebral
D80,Inmunodeficiencia con predominio de defectos de los anticuerpos
W89,"Exposición a fuente de luz visible y ultravioleta, de origen artificial"
X08,"Exposición a otros humos, fuegos o llamas especificados"
V05,Peatón lesionado por colisión con tren o vehículo de rieles
E75,Trastornos del metabolismo de los esfingolípidos y otros trastornos por almacenamiento de lípidos
Y60,"Corte, punción, perforación o hemorragia no intencional durante la atención médica y quirúrgica"
P51,Hemorragia umbilical del recién nacido
W19,Caída no especificada
E80,Trastornos del metabolismo de las porfirinas y de la bilirrubina
J39,Otras enfermedades de las vías respiratorias superiores
I95,Hipotensión
N10,Nefritis tubulointersticial aguda
V28,Motociclista lesionado en accidente de transporte sin colisión
P10,Hemorragia y laceración intracraneal debidas a traumatismo del nacimiento
R39,Otros síntomas y signos que involucran el sistema urinario
P72,Otros trastornos endocrinos neonatales transitorios
V13,"Ciclista lesionado por colisión con automóvil, camioneta o furgoneta"
I73,Otras enfermedades vasculares periféricas
X03,Exposición a fuego controlado en lugar que no es edificio u otra construcción
B22,"Enfermedad por virus de la inmunodeficiencia humana [VIH], resultante en otras enfermedades especificadas"
E42,Kwashiorkor marasmático
C44,Otros tumores malignos de la piel
W34,"Disparo de otras armas de fuego, y las no especificadas"
M31,Otras vasculopatías necrotizantes
J02,Faringitis aguda
J04,Laringitis y traqueítis agudas
J05,Laringitis obstructiva aguda [crup] y epiglotitis
C18,Tumor maligno del colon
A85,"Otras encefalitis virales, no clasificadas en otra parte"
W49,"Exposición a otras fuerzas mecánicas inanimadas, y las no especificadas"
W65,Ahogamiento y sumersión mientras se está en la bañera
B02,Herpes zoster
G61,Polineuopatía inflamatoria
K20,Esofagitis
B18,Hepatitis viral crónica
K22,Otras enfermedades del esófago
Y48,Efectos adversos de gases anestésicos y terapéuticos
Y14,"Envenenamiento por, y exposición a otras drogas, medicamentos y sustancias biológicas, y las no especificadas, de intención no determinada"
C69,Tumor maligno del ojo y sus anexos
Y80,Aparatos de medicina física asociados con incidentes adversos
W13,"Caída desde, fuera o a través de un edificio u otra construcción"
D74,Metahemoglobinemia
H35,Otros trastornos de la retina
W88,Exposición a radiación ionizante
C19,Tumor maligno de la unión rectosigmoidea
V27,Motociclista lesionado por colisión con objeto fijo o estacionado
G08,Flebitis y tromboflebitis intracraneal e intrarraquídea
G09,Secuelas de enfermedades inflamatorias del sistema nervioso central
A69,Otras infecciones causadas por espiroquetas
Y69,Incidentes no especificados durante la atención médica y quirúrgica
D20,Tumor benigno del tejido blando del peritoneo y del retroperitoneo
F84,Trastornos generalizados del desarrollo
B19,"Hepatitis viral, sin otra especificación"
V99,Accidente de transporte no especificado
p28,
Y82,"Otros dispositivos médicos, y los no especificados, asociados con incidentes adversos"
G37,Otras enfermedades desmielinizantes del sistema nervioso central
A48,"Otras enfermedades bacterianas, no clasificadas en otra parte"
Q13,Malformaciones congénitas del segmento anterior del ojo
G11,Ataxia hereditaria
Y27,"Contacto con vapor de agua, vapores y objetos calientes, de intención no determinada"
A53,Otras sífilis y las no especificadas
V67,Ocupante de vehículo de transporte pesado lesionado por colisión con objeto fijo o estacionado
Y57,"Efectos adversos de otras drogas y medicamentos, y los no especificados"
W08,Caída que implica otro mueble
J46,Estado asmático
P71,Trastornos neonatales transitorios del metabolismo del calcio y del magnesio
Q18,Otras malformaciones congénitas del la cara y del cuello
A33,Tétanos neonatal
R64,Caquexia
W26,"Contacto traumático con cuchillo, espada, daga o puñal"
A81,Infecciones del sistema nervioso central por virus atípico
D44,Tumor de comportamiento incierto o desconocido de las glándulas endocrinas
Y65,Otros incidentes durante la atención médica y quirúrgica
I38,"Endocarditis, válvula no especificada"
W37,"Explosión y rotura de neumático, tubo o manguera de goma presurizada"
D56,Talasemia
B82,"Parasitosis intestinal, sin otra especificación"
B15,Hepatitis aguda tipo A
Y25,"Contacto traumático con material explosivo, de intención no determinada"
C84,Linfomas de células T/NK maduras
G21,Parkinsonismo secundario
R62,Falta del desarrollo fisiológico normal esperado
G36,Otras desmielinizaciones diseminadas agudas
V69,"Ocupante de vehículo de transporte pesado lesionado en otros accidentes de transporte, y en los no especificados"
Y28,"Contacto traumático con objeto cortante, de intención no determinada"
F82,Trastorno especÍfico del desarrollo de la función motriz
X41,"Envenenamiento accidental por, y exposición a drogas antiepilépticas, sedantes, hipnóticas, antiparkinsonianas y psicotrópicas, no clasificadas en otra parte"
F72,Retraso mental grave
M35,Otro compromiso sistémico del tejido conjuntivo
Y03,Agresión por colisión de vehículo de motor
X01,Exposición a fuego no controlado en lugar que no es edificio u otra construcción
X88,Agresión con gases y vapores
I69,Secuelas de enfermedad cerebrovascular
C81,Linfoma de Hodgkin
Y31,"Caída, permanencia o carrera delante o hacia objeto en movimiento, de intención no determinada"
W30,Contacto traumático con maquinaria agrícola
V06,Peatón lesionado por colisión con otros vehículos sin motor
D53,Otras anemias nutricionales
M81,Osteoporosis sin fractura patológica
V88,"Accidente no de tránsito de tipo especificado, pero donde se desconoce el modo de transporte de la víctima"
E85,Amiloidosis
I28,Otras enfermedades de los vasos pulmonares
W01,"Caída en el mismo nivel por deslizamiento, tropezón y traspié"
B44,Aspergilosis
C26,Tumor maligno de otros sitios y de los mal definidos de los órganos digestivos
J40,"Bronquitis, no especificada como aguda o crónica"
C16,Tumor maligno del estómago
Y89,Secuelas de otras causas externas
W14,Caída desde un árbol
A06,Amebiasis
I06,Enfermedades reumáticas de la válvula aórtica
C50,Tumor maligno de la mama
W07,Caída que implica silla
R63,Síntomas y signos concernientes a la alimentación y a la ingestión de líquidos
F79,"Retraso mental, no especificado"
J35,Enfermedades crónicas de las amígdalas y de las adenoides
C43,Melanoma maligno de la piel
C70,Tumor maligno de las meninges
B74,Filariasis
C32,Tumor maligno de la laringe
Y29,"Contacto traumático con objeto romo o sin filo, de intención no determinada"
C17,Tumor maligno del intestino delgado
Y18,"Envenenamiento por, y exposición a plaguicidas, de intención no determinada"
N14,Afecciones tubulares y tubulointersticiales inducidas por drogas y por metales pesados
D09,Carcinoma in situ de otros sitios y de los no especificados
X05,Exposición a ignición o fusión de ropas de dormir
M76,"Entesopatías del miembro inferior, excluido el pie"
B17,Otras hepatitis virales agudas
Q16,Malformaciones congénitas del oído que causan la alteración de la audición
A18,Tuberculosis de otros órganos
H04,Trastornos del aparato lagrimal
B26,Parotiditis infecciosa
B16,Hepatitis aguda tipo B
L98,Otros trastornos de la piel y del tejido subcutáneo no clasificados en otra parte
K85,Pancreatitis aguda
A44,Bartonelosis
K25,Úlcera gástrica
E66,Obesidad
R50,Fiebre de otro origen y de origen desconocido
W50,"Aporreo, golpe, mordedura, patada, rasguño o torcedura infligidos por otra persona"
X23,"Contacto traumático con avispones, avispas y abejas"
Y75,Dispositivos neurológicos asociados con incidentes adversos
I87,Otros trastornos de las venas
C56,Tumor maligno del ovario
K28,Úlcera gastroyeyunal
V11,Ciclista lesionado por colisión con otro ciclista
W39,Explosión de fueros artificiales
X38,Víctima de inundación
B46,Cigomicosis
X27,Contacto traumático con otros animales venenosos especificados
C24,Tumor maligno de otras partes y de las no especificadas de las vías biliares
J92,Paquipleuritis
X85,"Agresión con drogas, medicamentos y sustancias biológicas"
D22,Nevo melanocítico
X89,Agresión con otros productos químicos y sustancias nocivas especificadas
Y11,"Envenenamiento por, y exposición a drogas antiepilépticas, sedantes, hipnóticas, antiparkinsonianas y psicotrópicas, no clasificadas en otra parte, de intención no determinada"
G60,Neuropatía hereditaria e idiopática
N50,Otros trastornos de los órganos genitales masculinos
V12,Ciclista lesionado por colisión con vehículo de motor de dos o tres ruedas.
C40,Tumor maligno de los huesos y de los cartílagos articulares de los miembros
X14,Contacto con aire y gases calientes
I83,Venas varicosas de los miembros inferiores
C03,Tumor maligno de la encía
A02,Otras infecciones debidas a Salmonella
E00,Síndrome congénito de deficiencia de yodo
W27,Contacto traumático con herramientas manuales sin motor
E20,Hipoparatiroidismo
B21,"Enfermedad por virus de la inmunodeficiencia humana [VIH], resultante  en tumores malignos"
F06,"Otros trastornos mentales debidos a lesión y disfunción cerebral, y a enfermedad física"
V18,Ciclista lesionado en accidente de transporte sin colisión
I77,Otros trastornos arteriales o arteriolares
N43,Hidrocele y espermatocele
I72,Otros aneurismas y aneurismas disecantes
Y42,"Efectos adversos de hormonas y sus sustitutos sintéticos y antagonistas, no clasificados en otra parte"
K81,Colecistitis
M19,Otras artrosis
Y74,Dispositivos para uso hospitalario general y personal asociados con incidentes adversos
N89,Otros trastornos no inflamatorios de la vagina
Y23,"Disparo de rifle, escopeta y arma larga, de intención no determinada"
I13,Enfermedad cardiorrenal hipertensiva
B94,Secuelas de otras enfermedades infecciosas y parasitarias de los no especificadas
C15,Tumor maligno del esófago
G20,Enfermedad de Parkinson
W09,Caída que implica equipos para juegos infantiles
B69,Cisticercosis
B89,"Enfermedad parasitaria, no especificada"
J68,"Afecciones respiratorias debidas a inhalación de gases, humos, vapores y sustancias químicas"
X70,"Lesión autoinfligida intencionalmente por ahorcamiento, estrangulamiento o sofocación"
N01,Síndrome nefrítico rápidamente progresivo
M05,Artritis reumatoide seropositiva
Y02,Agresión por empujar o colocar a la víctima delante de objeto en movimiento
V33,"Ocupante de vehículo de motor de tres ruedas lesionado por colisión con automóvil, camioneta o furgoneta"
L93,Lupus eritematoso
C63,Tumor maligno de otros órganos genitales maculinos y de los no especificados
X68,"Envenenamiento autoinfligido intencionalmente por, y exposición a plaguicidas"
V38,Ocupante de vehículo de motor de tres ruedas lesionado en accidente de transporte sin colisión
Y87,"Secuelas de lesiones autoinfligidas intencionalmente, agresiones y eventos de intención no determinada"
O15,Eclampsia
M41,Escoliosis
N47,"Prepucio redundante, fimosis y parafimosis"
A82,Rabia
O88,Embolia obstétrica
O74,Complicaciones de la anestesia administrada durante el trabajo de parto y el parto
C53,Tumor maligno del cuello del útero
C45,Mesotelioma
W94,Exposición a presión de aire alta y baja y a cambios en la presión del aire
C65,Tumor maligno de la pelvis renal
C14,"Tumor maligno de otros sitios y de los mal definidos del labio, de la cavidad bucal y de la faringe"
B56,Tripanosomiasis africana
N60,Displasia mamaria benigna
F01,Demencia vascular
I48,Fibrilación y aleteo auricular
K61,Absceso de las regiones anal y rectal
V39,"Ocupante de vehículo de motor de tres ruedas lesionado en otros accidentes de transporte, y en los no especificados"
C10,Tumor maligno de la orofaringe
K04,Enfermedades de la pulpa y de los tejidos periapicales
O06,Aborto no especificado
Y81,Dispositivos de cirugía general y plástica asociados con incidentes adversos
J36,Absceso periamigdalino
R85,Hallazgos anormales en muestras tomadas de órganos digestivos y de la cavidad abdominal
R25,Movimientos involuntarios anormales
C88,Otros linfomas de células B [enfermedades inmunoproliferativas malignas]
D57,Trastornos falciformes
I07,Enfermedades reumáticas de la válvula tricúspide
G35,Esclerosis múltiple
X61,"Envenenamiento autoinfligido intencionalmente por, y exposición a drogas antiepilépticas, sedantes, hipnóticas, antiparkinsonianas y psicotrópicas, no clasificadas en otra parte"
N00,Síndrome nefrítico agudo
N83,"Tratornos no inflamatorios del ovario, de la trompa de Falopio y del ligamento ancho"
V85,Ocupante de vehículo especial (de motor) para construcción lesionado en accidente de transporte
G45,Ataques de isquemia cerebral transitoria y síndromes afines
Y46,Efectos adversos de drogas antiepilépticas y antiparkinsonianas
F73,Retraso mental profundo
F99,"Trastorno mental, no especificado"
C37,Tumor maligno del timo
X79,Lesión autoinfligida intencionalmente por objeto romo o sin filo
V16,Ciclista lesionado por colisión con otros vehículos sin motor
O72,Hemorragia postparto
R53,Malestar y fatiga
X18,Contacto con otros metales calientes
W12,Caída en o desde andamio
X25,Contacto traumático con otros artrópodos venenosos
K09,"Quites de la región bucal, no clasificados en otra parte"
X58,Exposición a otros factores especificados
A91,Fiebre del dengue hemorrágico
N82,Fístulas que afectan el tracto genital femenino
N70,Salpingitis y ooforitis
B90,Secuelas de tuberculosis
K30,Dispepsia funcional
Y85,Secuelas de accidentes de transporte
K51,Colitis Ulcerativa
C39,Tumor maligno de otros sitios y de los mal definidos del sistema respiratorio y de los órganos intratorácicos
M95,Otras deformidades adquiridas del sistema osteomuscular y del tejido conjuntivo
V30,Ocupante de vehículo de motor de tres ruedas lesionado por colisión con peatón o animal
W43,Exposición a vibraciones
Q53,Testículo no descendido
O23,Infección de las vías genitourinarias en el embarazo
O86,Otras infecciones puerperales
O62,Anormalidades de la dinámica del trabajo de parto
O07,Intento fallido de aborto
O46,"Hemorragia anteparto, no clasificada en otra parte"
O05,Otro aborto
F19,Trastornos mentales y del comportamiento debidos al uso de múltiples drogas y al uso de otras sustancias psicoactivas
O42,Ruptura prematura de las membranas
O75,"Otras complicaciones del trabajo de parto y del parto, no clasificadas en otra parte"
V32,Ocupante de vehículo de motor de tres ruedas lesionado por colisión con otro vehículo de motor de dos o tres ruedas
C46,Sarcoma de Kaposi
D39,Tumor de comportamiento incierto o desconocido de los órganos genitales femeninos
O45,Desprendimiento prematuro de la placenta [Abruptio placentae]
O04,Aborto médico
K08,Otros trastornos de los dientes y de sus estructuras de sostén
O26,Atención a la madre por otras complicaciones principalmente relacionadas con el embarazo
A96,Fiebre hemorrágica por arenavirus
D35,Tumor benigno de otras glándulas endocrinas y de las no especificadas
E05,Tirotoxicosis [hipertiroidismo]
N34,Uretritis y síndrome uretral
F50,Trastornos de la ingestión de alimentos
W36,Explosión y rotura de cilindro con gas
O13,Hipertensión gestacional [inducida por el embarazo]
V94,"Otros accidentes de transporte por agua, y los no especificados"
C58,Tumor maligno de la placenta
O16,"Hipertensión materna, no especificada"
Y49,Efectos adversos de drogas psicotrópicas no especificadas en otra parte
I70,Aterosclerosis
O24,Diabetes mellitus en el embarazo
X62,"Envenenamiento autoinfligido intencionalmente por, y exposición a narcóticos y psicodislépticos [alucinógenos], no clasificados en otra parte"
O02,Otros productos anormales  de la concepción
W02,"Caída por patines para hielo, esquís, patines de ruedas o patineta"
E12,Diabetes mellitus asociada con desnutrición
F29,"Psicosis de origen no orgánico, no especificada"
D17,Tumores benignos lipomatosos
M48,Otras espondilopatías
O91,Infecciones de la mama asociadas con el parto
X28,Contacto traumático con otras plantas venenosas especificadas
O87,Complicaciones venosas y hemorroides en el puerperio
C77,Tumor maligno secundario y el no especificado de los ganglios linfáticos
N94,Dolor y otras afecciones relacionadas con los órganos genitales femeninos y con el ciclo menstrual
Y16,"Envenenamiento por, y exposición a disolventes orgánicos e hidrocarburos halogenados y sus vapores, de intención no determinada"
I86,Várices de otros sitios
R31,"Hematuria, no especificada"
N48,Otros trastornos del pene
E24,Síndrome de Cushing
K10,Otras enfermedades de los maxilares
V56,Ocupante de camioneta o furgoneta lesionado por colisión con otros vehículos sin motor
O89,Complicaciones de la anestesia administrada durante el puerperio
X24,Contacto traumático con centípodos y miriápodos venenosos (tropicales)
Y86,Secuelas de otros accidentes
F17,Trastornos mentales y del comportamiento debidos al uso de tabaco
C13,Tumor maligno de la hipofaringe
V77,Ocupante de autobús lesionado por colisión con objeto fijo o estacionado
C23,Tumor maligno de la vesícula biliar
M84,Trastornos de la continuidad del hueso
C21,Tumor maligno del ano y del conducto anal
A64,Enfermedad de transmisión sexual no especificada
E15,Coma hipoglicémico no diabético
I20,Angina de pecho
B88,Otras infestaciones
C66,Tumor maligno del uréter
A99,"Fiebre viral hemorrágica, no especificada"
V82,Ocupante de tranvía lesionado en accidente de transporte
L88,Pioderma gangrenoso
R02,"Gangrena, no clasificada en otra parte"
O97,Muerte por secuelas de causas obstétricas
Y70,Dispositivos de anestesiología asociados con incidentes adversos
E51,Deficiencia de tiamina
V51,Ocupante de camioneta o furgoneta lesionado por colisión con vehículo de pedal
L94,Otros trastornos localizados del tejido conjuntivo
I01,Fiebre reumática con complicación cardíaca
D45,Policitemia vera
A89,"Infección viral del sistema nervioso central, no especificada"
J62,Neumoconiosis debida a polvo de sílice
M87,Osteonecrosis
X65,"Envenenamiento autoinfligido intencionalmente por, y exposición al alcohol"
O11,Preeclampsia superpuesta en hipertensión crónica
F32,Episodio depresivo
X96,Agresión con material explosivo
R93,Hallazgos anormales en diagnóstico por imagen de otras estructuras del cuerpo
O68,Trabajo de parto y parto complicados por sufrimiento fetal
J61,Neumoconiosis debida al asbesto y a otras fibras minerales
N26,"Riñón contraído, no especificado"
D03,Melanoma in situ
V66,Ocupante de vehículo de transporte pesado lesionado por colisión con otros vehículos sin motor
N31,"Disfunción neuromuscular de la vejiga, no clasificada en otra parte"
B75,Triquinosis
B91,Secuelas de poliomielitis
Y52,Efectos adversos de agentes que afectan primariamente el sistema cardiovascular
V52,Ocupante de camioneta  o furgoneta lesionado por colisión con vehículo de motor de dos o tres ruedas
M25,"Otros trastornos articulares, no clasificados en otra parte"
X17,"Contacto con máquinas, motores y herramientas calientes"
V93,"Accidente en una embarcación, sin accidente a la embarcación, que no causa ahogamiento o sumersión"
Y41,Efectos adversos de otros antiinfecciosos y antiparasitarios sistémicos
X77,"Lesión autoinfligida intencionalmente por vapor de agua, vapores y objetos calientes"
D25,Leiomioma del útero
X86,Agresión con sustancia corrosiva
B54,Paludismo [malaria] no especificado
V91,Accidente de embarcación que causa otros tipos de traumatismo
N21,Cálculo de las vías urinarias inferiores
X60,"Envenenamiento autoinfligido intencionalmente por, y exposición a analgésicos no narcóticos, antipiréticos y antirreumáticos"
H20,Iridociclitis
L87,Trastornos de la eliminación transepidérmica
F23,Trastornos psicóticos agudos y transitorios
V41,Ocupante de automóvil lesionado por colisión con vehículo de pedal
G54,Trastornos de las raíces y de los plexos nerviosos
L60,Trastornos de las uñas
G25,Otros trastornos extrapiramidales y del movimiento
Q71,Defectos por reducción del miembro superior
E13,Otras diabetes mellitus especificadas
D02,Carcinoma in situ del sistema respiratorio y del oído medio
R45,Síntomas y signos que involucran el estado emocional
F05,"Delirio, no inducido por alcohol o por otras sustancias psicoactivas"
M70,"Trastornos de los tejidos blandos relacionados con el uso, el uso excesivo y la presión"
D06,Carcinoma in situ del cuello del útero
L97,"Úlcera de miembro inferior, no clasificada en otra parte"
M15,Poliartrosis
N42,Otros trastornos de la próstata
B66,Otras infecciones debidas a trematodos
F28,Otros trastornos psicóticos  de origen no orgánico
F41,Otros trastornos de ansiedad
F09,"Trastorno mental orgánico o sintomático, no especificado"
J60,Neumoconiosis de los mineros del carbón
L26,Dermatitis exfoliativa
A70,Infeccion debida a Chlamydia psittaci
D24,Tumor benigno de la mama
A60,Infección anogenital debida a virus del herpes [herpes simple]
M47,Espondilosis
D23,Otros tumores benignos de la piel
M10,Gota
M16,Coxartrosis [artrosis de la cadera]
M51,Otros trastornos de los discos intervertebrales
D11,Tumor benigno de las glándulas salivales mayores
F13,Trastornos mentales y del comportamiento debidos al uso de sedantes  o hipnóticos
F31,Trastorno afectivo bipolar
R01,Soplos y otros sonidos cardíacos
D27,Tumor benigno del ovario
W93,Exposición a frío excesivo de origen artificial
N62,Hipertrofia de la mama
X26,Contacto traumático con animales y plantas marinas venenosos
V98,Otros accidentes de transporte especificados
W05,Caída que implica silla de ruedas
R86,Hallazgos anormales en muestras tomadas de órganos genitales masculinos
N45,Orquitis y epididimitis
A84,Encefalitis viral transmitida por garrapatas
J34,Otros trastornos de la nariz y de los senos paranasales
W91,Exposición a radiación de tipo no especificado
K60,Fisura y fístula de las regiones anal y rectal
I84,
J00,Rinofaringitis aguda [resfriado común]
R91,Hallazgos anormales en diagnóstico por imagen del pulmón
R52,"Dolor, no clasificado en otra parte"
N61,Trastornos inflamatorios de la mama
N63,Masa no especificada en la mama
M54,Dorsalgia
X16,"Contacto con radiadores, cañerías y artefactos para calefacción, calientes"
L95,"Vasculitis limitada a la piel, no clasificada en otra parte"
D34,Tumor benigno de la glándula tiroides
E53,Deficiencias de otras vitaminas del grupo B
Y13,"Envenenamiento por, y exposición a otras drogas que actúan sobre el sistema nervioso autónomo, de intención no determinada"
E64,Secuelas de la desnutrición y de otras deficiencias nutricionales
F25,Trastornos esquizoafectivos
R22,"Tumefacción, masa  o prominencia de la piel y del tejido subcutáneo localizados"
L80,Vitíligo
X57,Privación no especificada
H92,Otalgia y secreción del oído
R92,Hallazgos anormales en diagnóstico por imagen de la mama
D52,Anemia por deficiencia de folatos
L27,Dermatitis debida a sustancias ingeridas
M71,Otras bursopatías
R61,Hiperhidrosis
M92,Otras osteocondrosis juveniles
X43,"Envenenamiento accidental por, y exposición a otras drogas que actúan sobre el sistema nervioso autónomo"
F39,"Trastorno del humor [afectivo], no especificado"
G64,Otros trastornos del sistema nervioso periférico
F30,Episodio maníaco
A23,Brucelosis
F68,Otros trastornos de la personalidad y del comportamiento en adultos
L84,Callos y callosidades
H18,Otros trastornos de la córnea
H70,Mastoiditis y afecciones relacionadas
F04,"Síndrome amnésico orgánico, no inducido por alcohol o por otras sustancias psicoactivas"
R87,Hallazgos anormales en muestras tomadas de órganos genitales femeninos
U12,
L42,Pitiriasis rosada
L21,Dermatitis seborreica
R46,Síntomas y signos que involucran la apariencia y el comportamiento
F38,Otros trastornos del humor [afectivos]
F51,Trastornos no orgánicos del sueño
F62,"Cambios perdurables de la personalidad, no atribuibles a lesión o a enfermedad cerebral"
F65,Trastornos de la preferencia sexual
F66,Trastornos psicológicos y del comportamiento asociados con el desarrollo y con la orientación sexuales
F89,"Trastorno del desarrollo psicológico, no especificado"
A55,Linfogranuloma (venéreo) por clamidias
A71,Tracoma
L57,Cambios de la piel debidos a exposición crónica a radiación no ionizante
Y36,Operaciones de guerra
Y61,Objeto extraño dejado accidentalmente en el cuerpo durante la atención médica y quirúrgica
R71,Anormalidad de los eritrocitos
G51,Trastornos del nervio facial
B64,"Enfermedad debida a protozoarios, no especificada"
H31,Otros trastornos de la coroides
W92,Exposición a calor excesivo de origen artificial
R30,Dolor asociado con la micción
L20,Dermatitis atópica
L29,Prurito
L65,Otra pérdida no cicatricial del pelo
L91,Trastornos hipertróficos de la piel
N35,Estrechez uretral
R70,Velocidad de eritrosedimentación elevada y otras anormalidades de la viscosidad del plasma
c18,
M22,Trastornos de la rótula
K03,Otras enfermedades de los tejidos duros de los dientes
M67,Otros trastornos de la sinovia y del tendón
n18,
E45,Retardo del desarrollo debido a desnutrición proteicocalórica
N90,Otros trastornos no inflamatorios de la vulva y del perineo
w74,
W03,Otras caídas en el mismo nivel por colisión con o por empujón de otra persona
Q15,Otras malformaciones congénitas del ojo
G44,Otros síndromes de cefalea
B83,Otros helmintiasis
V61,Ocupante de vehículo de transporte pesado lesionado por colisión con vehículo de pedal
F78,Otros tipos de retraso mental
V72,Ocupante de autobús lesionado por colisión con vehículo de motor de dos o tres ruedas
Q83,Malformaciones congénitas de la mama
X34,Víctima de terremoto
W28,"Contacto traumático con cortadora de césped, con motor"
J33,Pólipo nasal
O61,Fracaso de la inducción del trabajo de parto
H11,Otros trastornos de la conjuntiva
N75,Enfermedades de la glándula de Bartholin
O35,"Atención materna por anormalidad o lesión fetal, conocida o presunta"
L52,Eritema nudoso
K07,Anomalías dentofaciales (incluso la maloclusión)
A88,"Otras infecciones virales del sistema nervioso central, no clasificadas en otra parte"
L59,Otros trastornos de la piel y del tejido subcutáneo relacionados con radiación
u07,
N87,Displasia del cuello uterino
F21,Trastorno esquizotípico
W58,Mordedura o ataque de cocodrilo o caimán
B77,Ascariasis
R20,Alteraciones de la sensibilidad cutánea
M11,Otras artropatías por cristales
A63,"Otras enfermedades de transmisión predominantemente sexual, no clasificadas en otra parte"
K02,Caries dental
j18,
R48,"Dislexia y otras disfunciones simbólicas, no clasificadas en otra parte"
L67,Anormalidades del tallo y del color del pelo
L24,Dermatitis de contacto por irritantes
M77,Otras entesopatías
R79,Otros hallazgos anormales en la química sanguínea
E30,"Trastornos de la pubertad, no clasificados en otra parte"
R81,Glucosuria
E68,Secuelas de hiperalimentación
k83,
F22,Trastornos delirantes persistentes
R78,Hallazgo de drogas y otras sustancias que normalmente no se encuentran en la sangre
Y64,Medicamentos o sustancias biológicas contaminados
